Area,Requirement,Priority
"Soil Management","3-year conversion period","High"
"Soil Management","No synthetic fertilizers","High"
"Soil Management","Crop rotation mandatory","High"
"Soil Management","Composting practices","Medium"
"Soil Management","Soil testing required","Medium"
"Pest Control","IPM (Integrated Pest Management)","High"
"Pest Control","No synthetic pesticides","High"
"Pest Control","Biological controls preferred","High"
"Pest Control","Physical barriers allowed","Medium"
"Pest Control","Approved natural substances only","Medium"
"GMO Policy","GMOs prohibited","High"
"GMO Policy","<0.9% accidental presence (EU)","High"
"GMO Policy","<5% unavoidable presence (some regions)","High"
"GMO Policy","Testing & documentation required","Medium"
"GMO Policy","Buffer zones mandatory","Medium"
"Animal Welfare","Access to outdoors","High"
"Animal Welfare","Natural behavior accommodation","High"
"Animal Welfare","Organic feed 100%","High"
"Animal Welfare","Preventive antibiotics prohibited","Medium"
"Animal Welfare","Hormones prohibited","Medium"
"Processing","95% organic ingredients minimum","High"
"Processing","Approved additives only","High"
"Processing","No ionizing radiation","High"
"Processing","Segregation from non-organic","Medium"
"Processing","Traceability required","Medium"
"Labeling","Certification body name","High"
"Labeling","Organic % declaration","High"
"Labeling","Origin of ingredients","High"
"Labeling","Approved logos only","Medium"
"Labeling","No misleading claims","Medium"